id,source_id,split,label,prediction,shots,example_seed
sst2_00014,train_65390,test,positive,positive,4,2
sst2_00007,train_4671,test,positive,positive,4,2
sst2_00028,train_65545,test,positive,positive,4,2
sst2_00003,train_33967,test,negative,negative,4,2
sst2_00006,train_43177,test,positive,positive,4,2
sst2_00034,train_39002,test,positive,positive,4,2
sst2_00036,train_15702,test,positive,positive,4,2
sst2_00069,train_53485,test,positive,positive,4,2
sst2_00051,train_47345,test,positive,negative,4,2
sst2_00058,train_13477,test,positive,positive,4,2
sst2_00061,train_45614,test,positive,positive,4,2
sst2_00074,train_47926,test,positive,positive,4,2
sst2_00082,train_17150,test,negative,negative,4,2
sst2_00075,train_26036,test,positive,positive,4,2
sst2_00087,train_6400,test,positive,positive,4,2
sst2_00096,train_1874,test,negative,negative,4,2
sst2_00101,train_17400,test,positive,positive,4,2
sst2_00095,train_28648,test,positive,negative,4,2
sst2_00110,train_16725,test,negative,negative,4,2
sst2_00102,train_65110,test,positive,positive,4,2
sst2_00111,train_60101,test,negative,negative,4,2
sst2_00125,train_33193,test,positive,positive,4,2
sst2_00120,train_17341,test,positive,positive,4,2
sst2_00117,validation_704,test,negative,negative,4,2
sst2_00129,train_62089,test,negative,negative,4,2
sst2_00131,train_37982,test,positive,positive,4,2
sst2_00143,train_5719,test,positive,positive,4,2
sst2_00153,train_62572,test,positive,positive,4,2
sst2_00145,train_30827,test,negative,negative,4,2
sst2_00149,train_7144,test,negative,negative,4,2
sst2_00160,train_37534,test,positive,positive,4,2
sst2_00165,train_32328,test,negative,negative,4,2
sst2_00194,train_57190,test,positive,positive,4,2
sst2_00174,train_5879,test,positive,negative,4,2
sst2_00197,train_52264,test,negative,negative,4,2
sst2_00196,train_53799,test,positive,positive,4,2
sst2_00195,train_45829,test,negative,negative,4,2
sst2_00199,train_37189,test,negative,negative,4,2
sst2_00205,train_5066,test,negative,negative,4,2
sst2_00201,train_64651,test,negative,negative,4,2
sst2_00209,train_62123,test,positive,positive,4,2
sst2_00207,train_30517,test,positive,positive,4,2
sst2_00218,train_10077,test,positive,positive,4,2
sst2_00219,train_34275,test,negative,negative,4,2
sst2_00239,train_57181,test,positive,positive,4,2
sst2_00230,train_56307,test,positive,positive,4,2
sst2_00247,train_40208,test,negative,negative,4,2
sst2_00241,train_17667,test,positive,positive,4,2
sst2_00248,train_16577,test,positive,negative,4,2
sst2_00252,train_23708,test,positive,positive,4,2
sst2_00253,train_7394,test,positive,positive,4,2
sst2_00254,train_24450,test,positive,positive,4,2
sst2_00260,train_29443,test,positive,positive,4,2
sst2_00261,train_67077,test,negative,negative,4,2
sst2_00280,train_31185,test,negative,negative,4,2
sst2_00283,train_5088,test,positive,positive,4,2
sst2_00291,train_8180,test,positive,positive,4,2
sst2_00310,train_60446,test,positive,positive,4,2
sst2_00292,train_57953,test,negative,negative,4,2
sst2_00326,train_53585,test,negative,negative,4,2
sst2_00321,train_3618,test,positive,positive,4,2
sst2_00311,train_28387,test,negative,negative,4,2
sst2_00336,train_28315,test,negative,positive,4,2
sst2_00340,train_9667,test,negative,negative,4,2
sst2_00348,train_64767,test,positive,positive,4,2
sst2_00344,train_49325,test,positive,negative,4,2
sst2_00349,train_54114,test,positive,positive,4,2
sst2_00361,train_62091,test,positive,positive,4,2
sst2_00360,train_19699,test,negative,negative,4,2
sst2_00368,train_39358,test,negative,negative,4,2
sst2_00369,train_10611,test,positive,positive,4,2
sst2_00388,train_15011,test,negative,negative,4,2
sst2_00411,train_40386,test,positive,positive,4,2
sst2_00419,train_4998,test,positive,positive,4,2
sst2_00391,train_61499,test,positive,negative,4,2
sst2_00409,train_25425,test,positive,positive,4,2
sst2_00429,train_45478,test,positive,positive,4,2
sst2_00427,train_6086,test,positive,positive,4,2
sst2_00445,train_2781,test,positive,positive,4,2
sst2_00441,train_13365,test,positive,positive,4,2
sst2_00464,train_46191,test,positive,positive,4,2
sst2_00458,train_66260,test,negative,negative,4,2
sst2_00467,train_36507,test,positive,positive,4,2
sst2_00468,train_50426,test,negative,negative,4,2
sst2_00469,train_60351,test,positive,positive,4,2
sst2_00483,train_19960,test,positive,positive,4,2
sst2_00488,train_57909,test,positive,positive,4,2
sst2_00482,train_8895,test,positive,positive,4,2
sst2_00472,train_28251,test,positive,positive,4,2
sst2_00475,train_15885,test,positive,positive,4,2
sst2_00501,train_45562,test,positive,positive,4,2
sst2_00503,train_20455,test,positive,positive,4,2
sst2_00515,train_26191,test,positive,positive,4,2
sst2_00523,train_27691,test,negative,negative,4,2
sst2_00505,train_52228,test,negative,negative,4,2
sst2_00524,train_48066,test,positive,positive,4,2
sst2_00528,train_14249,test,positive,positive,4,2
sst2_00530,train_44411,test,positive,negative,4,2
sst2_00537,train_30516,test,negative,negative,4,2
sst2_00539,train_18092,test,negative,negative,4,2
sst2_00556,validation_295,test,positive,positive,4,2
sst2_00557,train_40641,test,positive,positive,4,2
sst2_00564,train_64568,test,positive,positive,4,2
sst2_00568,train_19759,test,positive,positive,4,2
sst2_00569,train_16341,test,positive,positive,4,2
sst2_00572,train_50648,test,negative,negative,4,2
sst2_00575,train_47147,test,negative,negative,4,2
sst2_00591,train_60295,test,negative,negative,4,2
sst2_00577,train_25058,test,positive,positive,4,2
sst2_00583,train_15276,test,positive,positive,4,2
sst2_00589,train_53974,test,positive,positive,4,2
sst2_00598,train_16793,test,positive,positive,4,2
sst2_00597,train_55495,test,negative,negative,4,2
sst2_00617,train_46355,test,negative,negative,4,2
sst2_00605,train_55605,test,negative,negative,4,2
sst2_00632,train_16762,test,positive,positive,4,2
sst2_00602,train_52346,test,positive,positive,4,2
sst2_00616,train_2797,test,negative,negative,4,2
sst2_00634,train_63134,test,positive,positive,4,2
sst2_00651,train_31980,test,negative,negative,4,2
sst2_00663,train_37354,test,positive,positive,4,2
sst2_00672,train_49210,test,negative,negative,4,2
sst2_00673,train_19243,test,positive,positive,4,2
sst2_00678,train_40803,test,positive,positive,4,2
sst2_00685,train_53572,test,negative,negative,4,2
sst2_00687,train_18354,test,negative,negative,4,2
sst2_00701,train_58834,test,negative,negative,4,2
sst2_00689,train_43462,test,negative,negative,4,2
sst2_00700,train_66480,test,positive,positive,4,2
sst2_00702,train_57686,test,positive,positive,4,2
sst2_00712,train_47231,test,positive,positive,4,2
sst2_00710,train_10221,test,negative,negative,4,2
sst2_00714,train_41064,test,positive,positive,4,2
sst2_00715,train_37725,test,negative,negative,4,2
sst2_00720,train_65435,test,positive,positive,4,2
sst2_00721,train_37448,test,positive,positive,4,2
sst2_00722,train_34375,test,positive,positive,4,2
sst2_00734,train_53021,test,positive,negative,4,2
sst2_00750,train_17544,test,positive,positive,4,2
sst2_00739,train_17661,test,positive,positive,4,2
sst2_00761,train_61362,test,negative,negative,4,2
sst2_00770,train_31466,test,positive,positive,4,2
sst2_00785,train_55724,test,negative,negative,4,2
sst2_00779,train_48599,test,positive,positive,4,2
sst2_00797,train_42864,test,negative,negative,4,2
sst2_00787,train_40564,test,positive,positive,4,2
sst2_00790,train_51139,test,negative,negative,4,2
sst2_00794,train_29188,test,negative,negative,4,2
sst2_00795,train_3974,test,negative,negative,4,2
sst2_00808,train_57827,test,positive,positive,4,2
sst2_00814,train_19412,test,negative,negative,4,2
sst2_00813,train_48963,test,positive,positive,4,2
sst2_00816,train_15422,test,negative,negative,4,2
sst2_00811,train_20450,test,positive,positive,4,2
sst2_00817,train_43439,test,positive,positive,4,2
sst2_00821,train_56071,test,negative,negative,4,2
sst2_00852,train_39207,test,positive,positive,4,2
sst2_00840,train_55618,test,negative,negative,4,2
sst2_00827,train_41915,test,negative,negative,4,2
sst2_00857,train_26290,test,positive,negative,4,2
sst2_00865,train_24452,test,positive,positive,4,2
sst2_00860,train_17894,test,negative,negative,4,2
sst2_00880,train_52082,test,negative,negative,4,2
sst2_00881,train_4237,test,positive,positive,4,2
sst2_00888,train_59222,test,positive,positive,4,2
sst2_00902,train_11108,test,positive,positive,4,2
sst2_00894,train_29236,test,negative,negative,4,2
sst2_00898,train_36956,test,negative,positive,4,2
sst2_00915,train_25496,test,negative,negative,4,2
sst2_00903,train_22248,test,negative,negative,4,2
sst2_00908,train_7862,test,negative,negative,4,2
sst2_00924,train_28244,test,positive,positive,4,2
sst2_00928,train_6476,test,positive,positive,4,2
sst2_00921,train_10531,test,negative,negative,4,2
sst2_00934,train_23134,test,positive,positive,4,2
sst2_00937,train_51808,test,positive,negative,4,2
sst2_00933,train_35233,test,positive,positive,4,2
sst2_00948,train_37771,test,positive,positive,4,2
sst2_00939,train_15202,test,positive,positive,4,2
sst2_00950,train_53467,test,positive,positive,4,2
sst2_00951,train_51572,test,positive,positive,4,2
sst2_00968,train_2427,test,positive,positive,4,2
sst2_00965,train_4151,test,positive,positive,4,2
sst2_00973,train_19665,test,negative,negative,4,2
sst2_00981,train_15451,test,positive,negative,4,2
sst2_00970,train_49605,test,positive,positive,4,2
sst2_01007,train_44197,test,positive,positive,4,2
sst2_00997,train_39937,test,negative,negative,4,2
sst2_00977,train_49023,test,positive,positive,4,2
sst2_01019,train_27458,test,positive,positive,4,2
sst2_01021,train_22679,test,positive,negative,4,2
sst2_01022,train_25893,test,negative,negative,4,2
sst2_01039,train_11101,test,positive,positive,4,2
sst2_01035,train_35216,test,negative,negative,4,2
sst2_01024,train_9766,test,positive,positive,4,2
sst2_01042,train_53337,test,positive,positive,4,2
sst2_01054,train_11310,test,positive,positive,4,2
sst2_01043,train_35422,test,positive,negative,4,2
sst2_01047,train_4414,test,negative,negative,4,2
sst2_01069,train_45206,test,negative,negative,4,2
sst2_01067,train_29423,test,negative,negative,4,2
sst2_01048,train_58908,test,positive,positive,4,2
sst2_01103,train_65567,test,positive,positive,4,2
sst2_01070,train_18171,test,positive,positive,4,2
sst2_01113,train_16234,test,positive,positive,4,2
sst2_01114,train_48138,test,negative,negative,4,2
sst2_01102,train_49947,test,positive,positive,4,2
sst2_01078,train_27324,test,positive,positive,4,2
sst2_01116,train_12800,test,negative,negative,4,2
sst2_01127,train_11056,test,positive,positive,4,2
sst2_01129,train_44928,test,positive,negative,4,2
sst2_01143,train_61418,test,negative,negative,4,2
sst2_01133,train_12998,test,negative,negative,4,2
sst2_01141,train_41236,test,negative,negative,4,2
sst2_01154,train_6447,test,positive,positive,4,2
sst2_01152,train_57735,test,negative,negative,4,2
sst2_01165,train_60956,test,positive,positive,4,2
sst2_01174,train_11096,test,positive,positive,4,2
sst2_01183,train_40745,test,positive,positive,4,2
sst2_01177,train_19334,test,negative,negative,4,2
sst2_01200,train_64312,test,negative,negative,4,2
sst2_01204,train_61767,test,positive,positive,4,2
sst2_01206,train_41814,test,negative,negative,4,2
sst2_01207,validation_844,test,negative,negative,4,2
sst2_01208,train_56848,test,positive,positive,4,2
sst2_01222,train_50628,test,negative,negative,4,2
sst2_01224,train_32569,test,positive,positive,4,2
sst2_01229,train_61758,test,negative,negative,4,2
sst2_01225,train_3916,test,positive,positive,4,2
sst2_01234,train_37436,test,positive,negative,4,2
sst2_01235,train_10122,test,negative,negative,4,2
sst2_01258,train_66074,test,negative,negative,4,2
sst2_01249,train_31298,test,positive,positive,4,2
sst2_01261,train_35394,test,positive,negative,4,2
sst2_01262,train_51516,test,negative,positive,4,2
sst2_01269,train_37625,test,positive,positive,4,2
sst2_01265,train_26952,test,negative,negative,4,2
sst2_01275,train_1674,test,positive,positive,4,2
sst2_01270,train_867,test,negative,positive,4,2
sst2_01283,train_50633,test,positive,positive,4,2
sst2_01278,train_17977,test,positive,positive,4,2
sst2_01289,train_50399,test,negative,negative,4,2
sst2_01292,train_15806,test,positive,positive,4,2
sst2_01299,train_7266,test,negative,negative,4,2
sst2_01309,train_16556,test,positive,positive,4,2
sst2_01293,train_4537,test,positive,positive,4,2
sst2_01307,train_3777,test,positive,positive,4,2
sst2_01312,train_44850,test,positive,positive,4,2
sst2_01311,train_53562,test,negative,negative,4,2
sst2_01322,train_58509,test,positive,positive,4,2
sst2_01331,train_57134,test,positive,positive,4,2
sst2_01337,train_61426,test,positive,positive,4,2
sst2_01340,train_22332,test,negative,negative,4,2
sst2_01364,train_31595,test,negative,positive,4,2
sst2_01342,train_66317,test,positive,positive,4,2
sst2_01369,train_61836,test,positive,positive,4,2
sst2_01375,train_16163,test,negative,negative,4,2
sst2_01377,train_38967,test,positive,positive,4,2
sst2_01378,train_54604,test,positive,positive,4,2
sst2_01379,train_26699,test,negative,negative,4,2
sst2_01394,train_8014,test,positive,positive,4,2
sst2_01380,train_26334,test,positive,positive,4,2
sst2_01400,train_10839,test,positive,positive,4,2
sst2_01390,train_25006,test,positive,positive,4,2
sst2_01405,train_64092,test,positive,positive,4,2
sst2_01426,train_51915,test,negative,negative,4,2
sst2_01418,train_12104,test,positive,positive,4,2
sst2_01410,train_12076,test,positive,positive,4,2
sst2_01440,train_4632,test,positive,positive,4,2
sst2_01437,train_9508,test,negative,negative,4,2
sst2_01433,train_30761,test,positive,positive,4,2
sst2_01443,train_18220,test,negative,negative,4,2
sst2_01468,train_20829,test,positive,positive,4,2
sst2_01474,train_37260,test,negative,negative,4,2
sst2_01479,train_55570,test,negative,negative,4,2
sst2_01477,train_28626,test,positive,positive,4,2
sst2_01462,train_19256,test,positive,positive,4,2
sst2_01488,train_14651,test,negative,negative,4,2
sst2_01484,train_41754,test,positive,positive,4,2
sst2_01486,train_51506,test,positive,positive,4,2
sst2_01490,train_19218,test,positive,positive,4,2
sst2_01494,train_44933,test,positive,positive,4,2
sst2_01493,train_42349,test,positive,positive,4,2
sst2_01502,train_13253,test,negative,negative,4,2
sst2_01511,train_62429,test,positive,positive,4,2
sst2_01506,train_24973,test,negative,negative,4,2
sst2_01524,train_41165,test,negative,negative,4,2
sst2_01526,train_53966,test,positive,positive,4,2
sst2_01507,train_40375,test,negative,negative,4,2
sst2_01534,train_14660,test,negative,negative,4,2
sst2_01539,train_2172,test,negative,negative,4,2
sst2_01540,train_31864,test,positive,positive,4,2
sst2_01559,train_62809,test,negative,negative,4,2
sst2_01556,train_14438,test,positive,positive,4,2
sst2_01555,train_46974,test,negative,negative,4,2
sst2_01562,train_18684,test,positive,positive,4,2
sst2_01564,train_1513,test,negative,negative,4,2
sst2_01573,train_418,test,negative,negative,4,2
sst2_01563,train_13616,test,positive,negative,4,2
sst2_01578,train_56184,test,negative,negative,4,2
sst2_01582,train_53040,test,positive,positive,4,2
sst2_01623,train_35806,test,negative,negative,4,2
sst2_01627,train_60355,test,negative,negative,4,2
sst2_01584,train_8386,test,negative,negative,4,2
sst2_01620,train_37509,test,positive,positive,4,2
sst2_01606,train_7183,test,negative,negative,4,2
sst2_01630,train_36379,test,negative,negative,4,2
sst2_01645,train_57794,test,positive,positive,4,2
sst2_01636,train_33863,test,negative,negative,4,2
sst2_01634,train_8511,test,negative,negative,4,2
sst2_01649,train_46864,test,positive,positive,4,2
sst2_01672,train_43501,test,positive,positive,4,2
sst2_01675,train_42894,test,negative,negative,4,2
sst2_01677,train_41104,test,negative,negative,4,2
sst2_01682,train_53885,test,positive,positive,4,2
sst2_01684,train_63645,test,positive,negative,4,2
sst2_01687,train_47315,test,positive,positive,4,2
sst2_01693,train_65535,test,negative,negative,4,2
sst2_01691,train_59328,test,positive,positive,4,2
sst2_01696,train_18286,test,positive,positive,4,2
sst2_01697,train_62193,test,positive,positive,4,2
sst2_01701,train_64057,test,negative,negative,4,2
sst2_01711,train_53608,test,positive,positive,4,2
sst2_01715,train_13513,test,positive,positive,4,2
sst2_01714,train_18197,test,negative,negative,4,2
sst2_01717,train_35097,test,positive,positive,4,2
sst2_01718,train_14295,test,positive,positive,4,2
sst2_01727,train_20118,test,positive,positive,4,2
sst2_01730,train_19162,test,negative,negative,4,2
sst2_01741,train_38602,test,negative,negative,4,2
sst2_01743,train_15839,test,positive,positive,4,2
sst2_01746,train_21001,test,positive,positive,4,2
sst2_01759,train_38540,test,positive,positive,4,2
sst2_01761,train_66837,test,positive,positive,4,2
sst2_01770,train_13431,test,positive,positive,4,2
sst2_01766,train_35403,test,positive,positive,4,2
sst2_01768,train_7804,test,negative,negative,4,2
sst2_01813,train_19909,test,positive,positive,4,2
sst2_01798,train_38390,test,positive,positive,4,2
sst2_01790,train_56216,test,negative,negative,4,2
sst2_01820,train_50340,test,negative,positive,4,2
sst2_01822,train_17876,test,negative,negative,4,2
sst2_01823,train_11380,test,positive,positive,4,2
sst2_01833,train_43173,test,negative,negative,4,2
sst2_01838,train_26895,test,positive,positive,4,2
sst2_01840,train_6936,test,negative,negative,4,2
sst2_01842,train_3652,test,positive,positive,4,2
sst2_01845,train_12843,test,negative,negative,4,2
sst2_01844,train_57703,test,positive,positive,4,2
sst2_01861,train_5656,test,negative,negative,4,2
sst2_01853,train_50672,test,negative,negative,4,2
sst2_01868,train_28146,test,negative,negative,4,2
sst2_01848,train_63668,test,negative,negative,4,2
sst2_01891,train_66444,test,positive,positive,4,2
sst2_01898,train_24980,test,positive,positive,4,2
sst2_01885,train_45992,test,negative,negative,4,2
sst2_01893,train_45664,test,positive,positive,4,2
sst2_01904,train_66558,test,positive,positive,4,2
sst2_01902,train_7166,test,positive,positive,4,2
sst2_01919,train_42795,test,positive,positive,4,2
sst2_01911,train_24961,test,negative,negative,4,2
sst2_01905,train_1012,test,negative,negative,4,2
sst2_01927,train_6591,test,positive,positive,4,2
sst2_01931,train_48409,test,positive,positive,4,2
sst2_01924,train_5760,test,positive,positive,4,2
sst2_01942,train_37746,test,positive,positive,4,2
sst2_01960,train_38976,test,positive,positive,4,2
sst2_01937,train_55269,test,negative,negative,4,2
sst2_01945,train_19875,test,negative,negative,4,2
sst2_01962,train_3293,test,negative,negative,4,2
sst2_01966,train_65317,test,negative,negative,4,2
sst2_01977,train_8204,test,negative,negative,4,2
sst2_01971,train_42281,test,positive,positive,4,2
sst2_01976,train_2889,test,negative,negative,4,2
sst2_01981,train_28380,test,positive,positive,4,2
sst2_01990,train_16412,test,negative,negative,4,2
sst2_01991,train_63420,test,positive,positive,4,2
sst2_02007,train_56148,test,positive,positive,4,2
sst2_01998,train_38276,test,positive,positive,4,2
sst2_01996,train_35928,test,positive,positive,4,2
sst2_02014,train_27402,test,negative,negative,4,2
sst2_02015,train_10359,test,positive,positive,4,2
sst2_02017,train_26477,test,negative,negative,4,2
sst2_02026,train_9147,test,negative,negative,4,2
sst2_02025,train_10533,test,negative,negative,4,2
sst2_02022,train_54960,test,positive,positive,4,2
sst2_02019,train_44462,test,positive,positive,4,2
sst2_02036,train_13682,test,negative,negative,4,2
sst2_02043,train_40981,test,positive,positive,4,2
sst2_02056,train_32449,test,negative,negative,4,2
sst2_02054,train_58992,test,positive,positive,4,2
sst2_02059,train_17549,test,negative,negative,4,2
sst2_02068,train_29270,test,negative,negative,4,2
sst2_02062,train_60372,test,positive,positive,4,2
sst2_02071,train_49443,test,positive,positive,4,2
sst2_02082,train_47516,test,positive,positive,4,2
sst2_02081,train_48846,test,positive,positive,4,2
sst2_02077,train_22695,test,negative,negative,4,2
sst2_02076,train_37622,test,negative,negative,4,2
sst2_02086,train_28856,test,positive,positive,4,2
sst2_02087,train_66433,test,positive,negative,4,2
sst2_02095,train_184,test,positive,positive,4,2
sst2_02104,train_10846,test,positive,positive,4,2
sst2_02111,train_49649,test,negative,negative,4,2
sst2_02106,train_21906,test,negative,negative,4,2
sst2_02113,train_6703,test,negative,negative,4,2
sst2_02118,train_33699,test,positive,positive,4,2
sst2_02125,train_29820,test,positive,positive,4,2
sst2_02126,train_23386,test,negative,negative,4,2
sst2_02127,train_3859,test,positive,positive,4,2
sst2_02137,train_26730,test,negative,negative,4,2
sst2_02129,train_28042,test,negative,negative,4,2
sst2_02139,train_27483,test,positive,positive,4,2
sst2_02154,train_38633,test,positive,negative,4,2
sst2_02152,train_13906,test,positive,positive,4,2
sst2_02141,train_12397,test,positive,positive,4,2
sst2_02149,train_17615,test,positive,positive,4,2
sst2_02158,train_62633,test,positive,positive,4,2
sst2_02155,train_65695,test,negative,negative,4,2
sst2_02166,train_67243,test,negative,negative,4,2
sst2_02159,train_55333,test,positive,negative,4,2
sst2_02165,train_55014,test,positive,positive,4,2
sst2_02172,train_4525,test,positive,positive,4,2
sst2_02181,train_51195,test,negative,negative,4,2
sst2_02183,train_49362,test,positive,positive,4,2
sst2_02192,train_49035,test,positive,positive,4,2
sst2_02208,train_55830,test,negative,negative,4,2
sst2_02189,train_9340,test,negative,negative,4,2
sst2_02190,train_44022,test,positive,positive,4,2
sst2_02214,validation_139,test,negative,negative,4,2
sst2_02226,train_62700,test,negative,negative,4,2
sst2_02229,train_24883,test,negative,negative,4,2
sst2_02249,train_10674,test,negative,negative,4,2
sst2_02234,train_2227,test,negative,negative,4,2
sst2_02250,train_36719,test,negative,negative,4,2
sst2_02253,train_33212,test,negative,negative,4,2
sst2_02268,train_46417,test,positive,positive,4,2
sst2_02278,train_17863,test,positive,positive,4,2
sst2_02282,train_8466,test,negative,negative,4,2
sst2_02285,train_52259,test,negative,negative,4,2
sst2_02287,train_32298,test,negative,negative,4,2
sst2_02292,train_40925,test,positive,positive,4,2
sst2_02308,train_64478,test,negative,negative,4,2
sst2_02304,train_42729,test,negative,negative,4,2
sst2_02310,train_12609,test,positive,positive,4,2
sst2_02313,train_49886,test,negative,negative,4,2
sst2_02311,train_3096,test,positive,positive,4,2
sst2_02324,train_58413,test,positive,positive,4,2
sst2_02327,train_2171,test,positive,positive,4,2
sst2_02336,validation_346,test,negative,negative,4,2
sst2_02338,train_46901,test,positive,positive,4,2
sst2_02344,train_34654,test,positive,positive,4,2
sst2_02339,train_63939,test,negative,negative,4,2
sst2_02354,train_54141,test,positive,positive,4,2
sst2_02345,train_28086,test,positive,positive,4,2
sst2_02358,train_14964,test,negative,negative,4,2
sst2_02382,train_40101,test,positive,positive,4,2
sst2_02372,train_64349,test,negative,negative,4,2
sst2_02380,train_17221,test,negative,negative,4,2
sst2_02387,train_21023,test,positive,positive,4,2
sst2_02391,train_61593,test,positive,positive,4,2
sst2_02389,train_37912,test,positive,positive,4,2
sst2_02406,train_14621,test,negative,negative,4,2
sst2_02393,train_28604,test,positive,positive,4,2
sst2_02401,train_48094,test,positive,positive,4,2
sst2_02411,train_17906,test,negative,negative,4,2
sst2_02420,train_37523,test,negative,negative,4,2
sst2_02410,train_15521,test,positive,positive,4,2
sst2_02425,train_64080,test,positive,positive,4,2
sst2_02422,train_29957,test,negative,negative,4,2
sst2_02424,train_5492,test,positive,positive,4,2
sst2_02429,train_48524,test,negative,negative,4,2
sst2_02433,train_13398,test,positive,positive,4,2
sst2_02431,train_11712,test,negative,negative,4,2
sst2_02442,train_34299,test,negative,negative,4,2
sst2_02443,train_20896,test,negative,negative,4,2
sst2_02438,validation_100,test,positive,positive,4,2
sst2_02448,train_42555,test,negative,negative,4,2
sst2_02456,train_33859,test,negative,negative,4,2
sst2_02450,train_58994,test,positive,positive,4,2
sst2_02455,train_8000,test,positive,positive,4,2
sst2_02458,train_66655,test,positive,positive,4,2
sst2_02464,train_35878,test,positive,positive,4,2
sst2_02463,train_523,test,positive,positive,4,2
sst2_02470,train_16587,test,positive,positive,4,2
sst2_02477,train_66405,test,positive,positive,4,2
sst2_02473,train_4127,test,negative,negative,4,2
sst2_02481,train_49491,test,negative,negative,4,2
sst2_02482,train_26546,test,positive,negative,4,2
sst2_02484,train_5200,test,negative,negative,4,2
sst2_02488,train_53779,test,negative,negative,4,2
sst2_02492,train_9961,test,negative,positive,4,2
sst2_02491,train_44369,test,negative,negative,4,2
sst2_02493,train_66012,test,negative,negative,4,2
sst2_02515,train_27943,test,positive,positive,4,2
sst2_02523,train_45327,test,negative,negative,4,2
sst2_02528,train_45682,test,negative,negative,4,2
sst2_02522,train_25373,test,positive,positive,4,2
sst2_02546,train_15886,test,negative,negative,4,2
sst2_02535,train_7785,test,positive,positive,4,2
sst2_02547,train_43799,test,positive,positive,4,2
sst2_02559,train_5816,test,positive,positive,4,2
sst2_02573,train_42500,test,positive,positive,4,2
sst2_02571,train_58700,test,positive,negative,4,2
sst2_02556,train_44313,test,positive,positive,4,2
sst2_02558,train_39029,test,positive,positive,4,2
sst2_02609,train_16625,test,negative,negative,4,2
sst2_02576,train_50820,test,positive,positive,4,2
sst2_02582,train_10204,test,positive,positive,4,2
sst2_02587,train_10505,test,negative,negative,4,2
sst2_02591,train_66144,test,positive,positive,4,2
sst2_02606,train_31710,test,negative,negative,4,2
sst2_02613,train_44052,test,negative,negative,4,2
sst2_02611,train_18601,test,positive,negative,4,2
sst2_02612,train_13435,test,positive,positive,4,2
sst2_02625,train_8415,test,negative,negative,4,2
sst2_02620,train_65283,test,negative,negative,4,2
sst2_02623,train_18768,test,negative,negative,4,2
sst2_02626,train_5414,test,positive,positive,4,2
sst2_02636,train_53035,test,negative,negative,4,2
sst2_02649,train_59160,test,negative,negative,4,2
sst2_02646,train_14031,test,positive,positive,4,2
sst2_02647,train_28572,test,negative,negative,4,2
sst2_02640,train_21058,test,negative,negative,4,2
sst2_02654,train_57859,test,positive,positive,4,2
sst2_02660,train_65417,test,positive,positive,4,2
sst2_02667,train_23950,test,positive,positive,4,2
sst2_02664,train_50814,test,positive,positive,4,2
sst2_02669,train_30798,test,positive,positive,4,2
sst2_02681,train_7502,test,negative,negative,4,2
sst2_02696,train_6667,test,positive,positive,4,2
sst2_02689,train_64631,test,positive,positive,4,2
sst2_02700,train_55122,test,positive,positive,4,2
sst2_02706,train_33938,test,positive,positive,4,2
sst2_02697,train_32479,test,negative,negative,4,2
sst2_02707,train_11321,test,negative,negative,4,2
sst2_02711,train_1558,test,negative,negative,4,2
sst2_02715,train_64095,test,positive,positive,4,2
sst2_02720,train_54706,test,positive,positive,4,2
sst2_02734,train_18619,test,positive,positive,4,2
sst2_02727,train_36459,test,negative,negative,4,2
sst2_02737,train_6378,test,positive,positive,4,2
sst2_02743,train_50302,test,positive,positive,4,2
sst2_02738,train_59217,test,negative,negative,4,2
sst2_02746,train_27815,test,positive,positive,4,2
sst2_02750,train_14529,test,negative,negative,4,2
sst2_02751,train_57530,test,negative,negative,4,2
sst2_02756,train_48691,test,negative,negative,4,2
sst2_02762,train_51462,test,negative,negative,4,2
sst2_02758,train_12995,test,positive,positive,4,2
sst2_02771,train_32239,test,positive,negative,4,2
sst2_02776,train_18736,test,positive,positive,4,2
sst2_02786,train_26709,test,negative,positive,4,2
sst2_02781,train_43748,test,negative,negative,4,2
sst2_02816,train_64762,test,positive,positive,4,2
sst2_02815,train_57538,test,negative,negative,4,2
sst2_02809,train_63520,test,negative,negative,4,2
sst2_02805,train_66921,test,positive,positive,4,2
sst2_02818,train_59357,test,positive,positive,4,2
sst2_02824,train_47623,test,negative,negative,4,2
sst2_02833,train_20277,test,positive,positive,4,2
sst2_02829,train_18651,test,negative,negative,4,2
sst2_02830,train_49872,test,negative,negative,4,2
sst2_02838,train_29022,test,positive,negative,4,2
sst2_02846,train_32827,test,positive,positive,4,2
sst2_02862,train_64314,test,negative,negative,4,2
sst2_02858,train_54127,test,negative,negative,4,2
sst2_02848,train_43146,test,positive,positive,4,2
sst2_02854,train_18751,test,negative,negative,4,2
sst2_02868,train_64611,test,positive,positive,4,2
sst2_02873,train_25708,test,negative,negative,4,2
sst2_02890,train_21207,test,negative,negative,4,2
sst2_02891,train_41766,test,negative,positive,4,2
sst2_02893,train_41162,test,positive,positive,4,2
sst2_02881,train_61861,test,negative,negative,4,2
sst2_02900,train_64012,test,negative,positive,4,2
sst2_02902,train_15911,test,positive,positive,4,2
sst2_02908,train_27276,test,negative,negative,4,2
sst2_02906,train_64004,test,positive,positive,4,2
sst2_02909,train_54495,test,positive,negative,4,2
sst2_02911,train_51678,test,negative,negative,4,2
sst2_02914,train_55658,test,positive,positive,4,2
sst2_02928,train_49839,test,negative,negative,4,2
sst2_02915,train_3726,test,negative,negative,4,2
sst2_02938,train_12278,test,positive,positive,4,2
sst2_02941,train_16558,test,positive,positive,4,2
sst2_02934,train_50268,test,negative,negative,4,2
sst2_02943,train_1400,test,negative,negative,4,2
sst2_02946,train_43898,test,positive,positive,4,2
sst2_02951,train_49889,test,negative,negative,4,2
sst2_02965,train_36979,test,positive,positive,4,2
sst2_02956,train_37596,test,positive,positive,4,2
sst2_02960,train_42541,test,positive,positive,4,2
sst2_02972,train_48366,test,negative,negative,4,2
sst2_02974,train_51520,test,positive,positive,4,2
sst2_02990,train_15640,test,negative,negative,4,2
sst2_02984,train_35521,test,positive,positive,4,2
sst2_03003,train_54417,test,negative,negative,4,2
sst2_03007,train_40544,test,positive,positive,4,2
sst2_03001,train_22438,test,negative,negative,4,2
sst2_03019,train_25758,test,negative,negative,4,2
sst2_03023,train_15961,test,positive,positive,4,2
sst2_03042,train_20243,test,negative,negative,4,2
sst2_03031,train_57984,test,negative,negative,4,2
sst2_03028,train_15213,test,negative,negative,4,2
sst2_03044,train_11561,test,negative,negative,4,2
sst2_03047,train_60845,test,positive,positive,4,2
sst2_03063,train_47483,test,negative,negative,4,2
sst2_03066,train_63512,test,negative,negative,4,2
sst2_03052,train_20452,test,negative,negative,4,2
sst2_03059,train_53945,test,positive,positive,4,2
sst2_03058,train_3197,test,positive,positive,4,2
sst2_03078,train_20711,test,positive,positive,4,2
sst2_03067,train_42275,test,positive,positive,4,2
sst2_03096,train_20101,test,negative,negative,4,2
sst2_03103,train_25945,test,positive,positive,4,2
sst2_03091,train_6939,test,positive,positive,4,2
sst2_03082,train_36217,test,negative,negative,4,2
sst2_03107,train_25389,test,positive,positive,4,2
sst2_03109,train_11617,test,negative,negative,4,2
sst2_03113,train_16825,test,negative,negative,4,2
sst2_03110,train_43204,test,positive,negative,4,2
sst2_03127,train_58574,test,positive,positive,4,2
sst2_03117,train_57725,test,negative,negative,4,2
sst2_03146,train_33311,test,positive,positive,4,2
sst2_03167,train_42903,test,positive,positive,4,2
sst2_03169,train_27162,test,negative,negative,4,2
sst2_03173,train_61493,test,positive,positive,4,2
sst2_03181,train_22532,test,negative,negative,4,2
sst2_03174,train_16689,test,positive,positive,4,2
sst2_03191,train_38559,test,negative,negative,4,2
sst2_03200,train_11227,test,positive,positive,4,2
sst2_03203,train_27249,test,negative,negative,4,2
sst2_03210,train_29720,test,positive,positive,4,2
sst2_03211,train_57107,test,negative,negative,4,2
sst2_03228,train_36130,test,negative,negative,4,2
sst2_03205,train_4086,test,negative,negative,4,2
sst2_03236,train_14730,test,positive,positive,4,2
sst2_03245,train_10747,test,positive,positive,4,2
sst2_03242,train_30094,test,positive,positive,4,2
sst2_03246,train_17364,test,positive,positive,4,2
sst2_03271,train_24557,test,negative,negative,4,2
sst2_03263,train_50623,test,positive,positive,4,2
sst2_03273,train_15196,test,positive,positive,4,2
sst2_03274,train_20472,test,negative,negative,4,2
sst2_03279,train_24241,test,negative,negative,4,2
sst2_03283,train_29956,test,negative,negative,4,2
sst2_03285,train_54649,test,positive,positive,4,2
sst2_03284,train_54183,test,negative,negative,4,2
sst2_03295,train_14821,test,positive,positive,4,2
sst2_03297,train_1962,test,negative,negative,4,2
sst2_03300,train_45789,test,positive,positive,4,2
sst2_03298,train_57744,test,positive,positive,4,2
sst2_03311,train_31741,test,positive,positive,4,2
sst2_03321,train_57545,test,negative,negative,4,2
sst2_03307,train_16048,test,positive,positive,4,2
sst2_03331,train_26702,test,positive,positive,4,2
sst2_03337,train_23398,test,positive,positive,4,2
sst2_03345,train_40438,test,negative,negative,4,2
sst2_03352,train_39521,test,negative,negative,4,2
sst2_03358,train_62209,test,positive,positive,4,2
sst2_03364,train_28457,test,positive,positive,4,2
sst2_03349,train_21545,test,negative,negative,4,2
sst2_03366,train_65863,test,negative,negative,4,2
sst2_03368,train_34812,test,positive,positive,4,2
sst2_03376,train_35496,test,positive,positive,4,2
sst2_03370,train_31102,test,negative,negative,4,2
sst2_03377,train_65495,test,negative,negative,4,2
sst2_03371,validation_303,test,positive,positive,4,2
sst2_03382,train_44389,test,negative,negative,4,2
sst2_03386,train_10255,test,positive,positive,4,2
sst2_03394,train_22709,test,positive,positive,4,2
sst2_03399,train_42034,test,negative,negative,4,2
sst2_03387,train_18235,test,positive,positive,4,2
sst2_03388,train_58870,test,negative,negative,4,2
sst2_03395,train_46121,test,negative,negative,4,2
sst2_03400,train_42545,test,negative,positive,4,2
sst2_03409,train_28419,test,positive,negative,4,2
sst2_03407,train_49259,test,negative,negative,4,2
sst2_03408,train_39273,test,negative,negative,4,2
sst2_03410,train_61885,test,positive,positive,4,2
sst2_03412,train_7380,test,positive,positive,4,2
sst2_03417,train_39872,test,positive,positive,4,2
sst2_03425,train_20855,test,negative,negative,4,2
sst2_03421,train_7088,test,positive,positive,4,2
sst2_03430,train_27018,test,negative,negative,4,2
sst2_03429,train_48851,test,positive,positive,4,2
sst2_03448,train_11956,test,positive,positive,4,2
sst2_03452,train_49880,test,positive,positive,4,2
sst2_03449,train_65533,test,negative,negative,4,2
sst2_03472,validation_525,test,positive,positive,4,2
sst2_03456,train_2665,test,negative,negative,4,2
sst2_03460,train_54824,test,negative,negative,4,2
sst2_03484,train_52477,test,positive,positive,4,2
sst2_03492,train_51652,test,positive,positive,4,2
sst2_03494,train_19957,test,positive,positive,4,2
sst2_03499,train_29247,test,positive,positive,4,2
sst2_03511,train_15036,test,positive,positive,4,2
sst2_03503,train_39927,test,positive,positive,4,2
sst2_03508,train_48202,test,positive,positive,4,2
sst2_03513,train_18347,test,positive,positive,4,2
sst2_03514,train_47130,test,positive,positive,4,2
sst2_03522,train_893,test,positive,positive,4,2
sst2_03530,train_17324,test,negative,negative,4,2
sst2_03517,train_44284,test,positive,positive,4,2
sst2_03515,train_43944,test,negative,negative,4,2
sst2_03534,train_49114,test,positive,positive,4,2
sst2_03536,train_48400,test,positive,positive,4,2
sst2_03547,train_23515,test,positive,positive,4,2
sst2_03544,train_63137,test,negative,negative,4,2
sst2_03548,train_35281,test,positive,positive,4,2
sst2_03550,train_18884,test,positive,positive,4,2
sst2_03558,train_48986,test,positive,positive,4,2
sst2_03578,train_57612,test,positive,positive,4,2
sst2_03579,train_6205,test,negative,positive,4,2
sst2_03586,train_13631,test,negative,negative,4,2
sst2_03585,train_34083,test,negative,negative,4,2
sst2_03588,train_45825,test,positive,positive,4,2
sst2_03593,train_12130,test,negative,negative,4,2
sst2_03590,train_37944,test,positive,positive,4,2
sst2_03609,train_65523,test,positive,negative,4,2
sst2_03597,train_23001,test,negative,negative,4,2
sst2_03617,train_31788,test,positive,positive,4,2
sst2_03630,train_5791,test,positive,positive,4,2
sst2_03626,train_42695,test,positive,positive,4,2
sst2_03629,train_20081,test,positive,negative,4,2
sst2_03635,train_15787,test,positive,positive,4,2
sst2_03653,train_21497,test,negative,negative,4,2
sst2_03648,train_15723,test,negative,negative,4,2
sst2_03654,train_21666,test,negative,negative,4,2
sst2_03640,train_33981,test,negative,negative,4,2
sst2_03676,train_49229,test,positive,positive,4,2
sst2_03683,validation_129,test,positive,positive,4,2
sst2_03685,train_25745,test,negative,negative,4,2
sst2_03677,train_42442,test,positive,positive,4,2
sst2_03681,train_21333,test,positive,negative,4,2
sst2_03687,train_22031,test,positive,positive,4,2
sst2_03682,train_12101,test,negative,negative,4,2
sst2_03701,train_48796,test,positive,positive,4,2
sst2_03692,train_56551,test,positive,positive,4,2
sst2_03725,train_53400,test,positive,positive,4,2
sst2_03723,train_9554,test,negative,negative,4,2
sst2_03718,train_45547,test,positive,positive,4,2
sst2_03708,train_45586,test,positive,positive,4,2
sst2_03726,train_34881,test,negative,negative,4,2
sst2_03736,train_17396,test,positive,positive,4,2
sst2_03763,train_53132,test,positive,positive,4,2
sst2_03757,train_22423,test,positive,positive,4,2
sst2_03758,train_22414,test,positive,positive,4,2
sst2_03765,train_64588,test,negative,negative,4,2
sst2_03742,train_7647,test,negative,negative,4,2
sst2_03772,train_30091,test,negative,negative,4,2
sst2_03773,train_12324,test,positive,positive,4,2
sst2_03779,train_29220,test,positive,positive,4,2
sst2_03780,train_10903,test,positive,positive,4,2
sst2_03790,train_11193,test,negative,negative,4,2
sst2_03784,train_52468,test,positive,positive,4,2
sst2_03791,train_42192,test,positive,positive,4,2
sst2_03792,train_18284,test,positive,positive,4,2
sst2_03795,train_13150,test,positive,positive,4,2
sst2_03799,train_48154,test,positive,positive,4,2
sst2_03817,train_37246,test,positive,positive,4,2
sst2_03816,train_11104,test,negative,negative,4,2
sst2_03818,train_46243,test,negative,negative,4,2
sst2_03826,train_61496,test,positive,positive,4,2
sst2_03830,train_55911,test,positive,positive,4,2
sst2_03842,train_50245,test,negative,negative,4,2
sst2_03850,train_33822,test,negative,negative,4,2
sst2_03856,train_19351,test,positive,positive,4,2
sst2_03863,train_33010,test,positive,positive,4,2
sst2_03859,train_3866,test,positive,positive,4,2
sst2_03867,train_834,test,positive,positive,4,2
sst2_03877,train_33921,test,positive,positive,4,2
sst2_03868,train_32846,test,negative,negative,4,2
sst2_03876,train_27242,test,negative,negative,4,2
sst2_03878,train_1474,test,positive,positive,4,2
sst2_03887,train_8955,test,positive,positive,4,2
sst2_03907,train_59871,test,negative,negative,4,2
sst2_03905,train_49473,test,positive,positive,4,2
sst2_03911,train_1814,test,negative,negative,4,2
sst2_03931,train_31998,test,positive,positive,4,2
sst2_03929,train_41824,test,positive,positive,4,2
sst2_03940,train_50543,test,positive,positive,4,2
sst2_03944,train_27026,test,negative,negative,4,2
sst2_03953,train_51655,test,positive,positive,4,2
sst2_03959,train_25055,test,positive,positive,4,2
sst2_03977,train_8693,test,positive,positive,4,2
sst2_03978,train_12540,test,positive,positive,4,2
sst2_03982,train_48801,test,negative,positive,4,2
sst2_03999,train_56131,test,negative,negative,4,2
sst2_04001,train_46146,test,positive,positive,4,2
sst2_04023,train_50001,test,positive,positive,4,2
sst2_04008,train_14571,test,negative,negative,4,2
sst2_04020,train_4393,test,negative,negative,4,2
sst2_04029,train_9010,test,positive,positive,4,2
sst2_04034,train_628,test,negative,negative,4,2
sst2_04038,train_7961,test,negative,negative,4,2
sst2_04055,train_64101,test,negative,negative,4,2
sst2_04039,train_6016,test,positive,positive,4,2
sst2_04059,train_64331,test,negative,negative,4,2
sst2_04057,train_24936,test,positive,positive,4,2
sst2_04058,train_37927,test,positive,positive,4,2
sst2_04065,train_57344,test,negative,negative,4,2
sst2_04067,train_34478,test,negative,negative,4,2
sst2_04080,train_8433,test,positive,positive,4,2
sst2_04079,train_56500,test,positive,positive,4,2
sst2_04077,train_22761,test,negative,negative,4,2
sst2_04090,train_47775,test,positive,positive,4,2
sst2_04085,train_531,test,negative,negative,4,2
sst2_04092,train_25953,test,negative,negative,4,2
sst2_04096,train_24792,test,positive,positive,4,2
sst2_04095,train_33016,test,positive,positive,4,2
sst2_04104,train_56842,test,negative,negative,4,2
sst2_04112,train_34353,test,positive,positive,4,2
sst2_04116,train_14165,test,negative,negative,4,2
sst2_04123,train_40971,test,negative,negative,4,2
sst2_04127,train_11248,test,positive,positive,4,2
sst2_04131,train_10901,test,negative,negative,4,2
sst2_04134,train_46893,test,positive,positive,4,2
sst2_04133,train_43672,test,negative,negative,4,2
sst2_04139,train_2640,test,negative,negative,4,2
sst2_04145,train_32406,test,positive,negative,4,2
sst2_04155,train_46398,test,negative,negative,4,2
sst2_04152,train_42029,test,negative,negative,4,2
sst2_04159,train_48953,test,negative,negative,4,2
sst2_04165,train_28107,test,negative,negative,4,2
sst2_04169,train_60053,test,positive,positive,4,2
sst2_04177,train_14264,test,negative,negative,4,2
sst2_04182,train_37743,test,negative,negative,4,2
sst2_04181,train_43031,test,positive,positive,4,2
sst2_04186,train_14793,test,negative,negative,4,2
sst2_04207,train_2293,test,negative,negative,4,2
sst2_04210,train_45357,test,negative,negative,4,2
sst2_04213,train_49410,test,negative,negative,4,2
sst2_04214,train_17421,test,negative,negative,4,2
sst2_04218,train_64455,test,negative,positive,4,2
sst2_04225,train_63819,test,negative,negative,4,2
sst2_04230,train_46932,test,positive,positive,4,2
sst2_04243,train_46618,test,positive,positive,4,2
sst2_04247,train_29813,test,negative,negative,4,2
sst2_04248,train_64141,test,positive,positive,4,2
sst2_04263,train_46334,test,positive,positive,4,2
sst2_04238,train_5254,test,positive,positive,4,2
sst2_04268,train_64129,test,negative,negative,4,2
sst2_04275,train_66649,test,positive,positive,4,2
sst2_04287,train_46307,test,positive,positive,4,2
sst2_04274,train_9722,test,negative,negative,4,2
sst2_04269,train_23154,test,negative,negative,4,2
sst2_04288,train_53695,test,negative,negative,4,2
sst2_04289,train_21250,test,negative,negative,4,2
sst2_04321,train_31555,test,positive,positive,4,2
sst2_04305,train_55800,test,negative,negative,4,2
sst2_04335,train_10238,test,negative,negative,4,2
sst2_04332,train_67127,test,positive,positive,4,2
sst2_04301,train_63355,test,negative,negative,4,2
sst2_04340,train_25107,test,negative,negative,4,2
sst2_04339,train_7350,test,positive,positive,4,2
sst2_04350,train_66884,test,positive,positive,4,2
sst2_04338,train_47477,test,positive,positive,4,2
sst2_04347,train_16489,test,negative,positive,4,2
sst2_04356,train_37010,test,positive,positive,4,2
sst2_04366,train_35923,test,negative,negative,4,2
sst2_04358,train_12128,test,positive,positive,4,2
sst2_04364,train_39911,test,negative,negative,4,2
sst2_04363,train_2962,test,negative,negative,4,2
sst2_04371,train_23723,test,positive,positive,4,2
sst2_04378,train_35154,test,positive,positive,4,2
sst2_04382,train_20605,test,negative,negative,4,2
sst2_04381,train_13185,test,positive,positive,4,2
sst2_04386,train_29421,test,negative,negative,4,2
sst2_04383,train_51439,test,negative,negative,4,2
sst2_04391,train_3718,test,positive,positive,4,2
sst2_04384,train_43420,test,negative,negative,4,2
sst2_04408,train_59099,test,positive,positive,4,2
sst2_04409,train_54811,test,negative,negative,4,2
sst2_04421,train_20380,test,positive,positive,4,2
sst2_04428,train_55171,test,negative,negative,4,2
sst2_04425,train_1933,test,positive,positive,4,2
sst2_04419,train_44173,test,positive,positive,4,2
sst2_04430,train_6608,test,negative,negative,4,2
sst2_04431,train_5846,test,positive,positive,4,2
sst2_04433,train_53519,test,negative,negative,4,2
sst2_04439,train_31869,test,negative,negative,4,2
sst2_04434,train_45137,test,negative,negative,4,2
sst2_04432,train_1406,test,negative,negative,4,2
sst2_04440,train_44612,test,negative,negative,4,2
sst2_04451,train_9943,test,positive,positive,4,2
sst2_04450,train_40768,test,negative,negative,4,2
sst2_04459,train_50067,test,negative,negative,4,2
sst2_04455,train_5240,test,positive,positive,4,2
sst2_04458,train_31375,test,negative,negative,4,2
sst2_04462,train_50764,test,negative,negative,4,2
sst2_04475,train_63519,test,positive,positive,4,2
sst2_04469,train_3810,test,negative,negative,4,2
sst2_04473,train_17676,test,negative,negative,4,2
sst2_04486,train_45796,test,negative,negative,4,2
sst2_04501,train_60797,test,positive,positive,4,2
sst2_04491,train_20018,test,negative,negative,4,2
sst2_04509,train_53074,test,negative,negative,4,2
sst2_04513,train_55506,test,negative,negative,4,2
sst2_04507,train_32455,test,positive,positive,4,2
sst2_04545,train_13485,test,positive,positive,4,2
sst2_04533,train_56934,test,negative,negative,4,2
sst2_04534,train_60918,test,negative,negative,4,2
sst2_04553,train_353,test,positive,positive,4,2
sst2_04561,train_28560,test,positive,positive,4,2
sst2_04559,train_48557,test,negative,negative,4,2
sst2_04565,train_29734,test,positive,positive,4,2
sst2_04574,train_4130,test,negative,negative,4,2
sst2_04573,train_14769,test,negative,negative,4,2
sst2_04590,train_31721,test,negative,negative,4,2
sst2_04583,train_37049,test,positive,positive,4,2
sst2_04578,train_19587,test,positive,positive,4,2
sst2_04592,train_58601,test,positive,positive,4,2
sst2_04597,train_66351,test,negative,negative,4,2
sst2_04595,train_53849,test,negative,negative,4,2
sst2_04598,train_45604,test,positive,positive,4,2
sst2_04603,train_15126,test,positive,positive,4,2
sst2_04604,train_23771,test,negative,negative,4,2
sst2_04634,train_49223,test,negative,negative,4,2
sst2_04639,validation_751,test,negative,negative,4,2
sst2_04644,train_6679,test,negative,negative,4,2
sst2_04652,train_15393,test,positive,positive,4,2
sst2_04653,train_48010,test,positive,positive,4,2
sst2_04649,train_32269,test,negative,negative,4,2
sst2_04655,train_41793,test,positive,positive,4,2
sst2_04657,train_60294,test,negative,negative,4,2
sst2_04678,train_59396,test,negative,negative,4,2
sst2_04667,train_30613,test,negative,negative,4,2
sst2_04671,train_57620,test,positive,positive,4,2
sst2_04675,train_6863,test,positive,positive,4,2
sst2_04679,validation_479,test,positive,positive,4,2
sst2_04688,train_59796,test,negative,positive,4,2
sst2_04700,train_56187,test,negative,negative,4,2
sst2_04709,train_332,test,positive,positive,4,2
sst2_04702,train_46726,test,negative,negative,4,2
sst2_04710,train_65587,test,positive,positive,4,2
sst2_04711,train_48753,test,negative,negative,4,2
sst2_04716,train_34268,test,positive,positive,4,2
sst2_04725,train_59975,test,negative,negative,4,2
sst2_04729,train_64487,test,negative,negative,4,2
sst2_04727,train_36420,test,negative,negative,4,2
sst2_04731,train_39913,test,negative,negative,4,2
sst2_04736,train_33085,test,positive,positive,4,2
sst2_04737,train_13412,test,positive,positive,4,2
sst2_04755,train_20077,test,negative,negative,4,2
sst2_04744,train_24594,test,negative,negative,4,2
sst2_04762,train_40518,test,negative,negative,4,2
sst2_04761,train_3028,test,positive,positive,4,2
sst2_04763,train_12298,test,positive,positive,4,2
sst2_04767,train_53301,test,positive,positive,4,2
sst2_04768,train_35231,test,positive,positive,4,2
sst2_04774,train_24415,test,negative,negative,4,2
sst2_04782,train_18780,test,positive,negative,4,2
sst2_04794,train_51051,test,negative,negative,4,2
sst2_04795,train_56816,test,negative,negative,4,2
sst2_04800,train_25334,test,positive,positive,4,2
sst2_04802,train_21769,test,positive,positive,4,2
sst2_04805,train_59885,test,positive,positive,4,2
sst2_04803,train_61368,test,positive,positive,4,2
sst2_04815,train_62189,test,negative,negative,4,2
sst2_04810,train_19066,test,positive,positive,4,2
sst2_04820,train_10311,test,positive,positive,4,2
sst2_04823,train_1920,test,negative,negative,4,2
sst2_04835,train_41006,test,negative,negative,4,2
sst2_04827,train_9326,test,positive,negative,4,2
sst2_04831,train_15239,test,positive,positive,4,2
sst2_04829,train_38916,test,positive,positive,4,2
sst2_04836,train_30212,test,negative,negative,4,2
sst2_04838,train_53077,test,positive,positive,4,2
sst2_04847,train_42301,test,positive,positive,4,2
sst2_04850,train_10814,test,positive,positive,4,2
sst2_04855,train_35350,test,positive,positive,4,2
sst2_04856,train_6823,test,positive,positive,4,2
sst2_04865,train_20558,test,positive,positive,4,2
sst2_04862,train_52387,test,positive,positive,4,2
sst2_04871,train_64510,test,positive,positive,4,2
sst2_04882,train_11330,test,positive,positive,4,2
sst2_04895,train_59368,test,negative,negative,4,2
sst2_04896,train_58024,test,negative,negative,4,2
sst2_04897,train_5223,test,positive,positive,4,2
sst2_04900,train_10378,test,negative,negative,4,2
sst2_04899,train_5820,test,positive,positive,4,2
sst2_04909,train_39217,test,positive,positive,4,2
sst2_04939,train_62009,test,negative,negative,4,2
sst2_04931,train_46689,test,positive,positive,4,2
sst2_04946,train_52407,test,negative,negative,4,2
sst2_04945,train_22052,test,negative,negative,4,2
sst2_04951,train_38673,test,positive,positive,4,2
sst2_04954,train_52103,test,negative,negative,4,2
sst2_04972,train_51901,test,negative,negative,4,2
sst2_04978,train_12600,test,positive,positive,4,2
sst2_04965,train_54360,test,positive,positive,4,2
sst2_04960,train_22626,test,negative,negative,4,2
sst2_04982,train_38617,test,positive,positive,4,2
sst2_04977,train_38884,test,positive,positive,4,2
sst2_04994,train_46529,test,negative,negative,4,2
sst2_04995,train_25733,test,positive,positive,4,2
sst2_04991,train_29252,test,positive,positive,4,2
sst2_04990,train_5725,test,negative,negative,4,2
